Temp1_ID,Product_ID,S_ID
1,1,1
2,2,2
3,3,2
4,4,2
5,5,2
6,6,3
7,7,3
8,8,3
9,9,3
10,10,3
11,6,4
12,7,4
13,8,4
14,9,4
15,10,4
16,11,5
17,12,5
18,13,6
19,14,6
20,15,6
21,16,7
22,17,7
23,18,8
24,19,8
25,20,9
26,21,9
27,22,7
28,23,7
29,24,7
30,25,7
31,26,7
32,27,7
33,28,7
34,29,7
35,30,8
36,31,8
37,32,8
38,33,8
39,34,8
40,35,8
41,36,8
42,37,8
43,38,8
44,39,8
45,40,8
46,16,8
47,17,8
48,25,8
49,27,8
50,28,8
51,29,8
52,41,8
53,42,8
54,43,8
55,44,8
56,45,8
57,46,8
58,47,8
59,48,8
60,49,8
61,50,8
62,51,10
63,52,10
64,53,10
65,54,10
66,55,10
67,56,10
68,57,10
69,58,10
70,59,10
71,60,10
72,61,10
73,62,10
74,63,10
75,64,10
76,65,10
77,66,10
78,67,10
79,68,10
80,69,10
81,70,10
82,71,10
83,72,10
84,73,10
85,74,10
86,75,10
87,76,10
88,77,10
89,78,11
90,79,11
91,80,12
92,81,12
93,78,13
94,79,13
95,82,14
96,83,14
97,84,14
98,85,15
99,86,15
100,87,15
101,88,15
102,89,15
103,90,16
104,91,16
105,92,17
106,93,17
107,94,17
108,95,17
109,96,17
110,97,18
111,98,18
112,99,18
113,100,18
114,101,18
115,102,18
116,103,18
117,104,18
118,105,18
119,106,18
120,107,18
121,108,18
122,109,18
123,110,18
124,111,18
125,112,18
126,113,18
127,114,18
128,115,18
129,116,18
130,117,18
131,118,18
132,119,18
133,120,18
134,121,18
135,122,9
136,123,19
137,124,19
138,125,19
139,126,19
140,127,19
141,128,19
142,129,19
143,130,19
144,131,19
145,132,19
146,133,19
147,134,19
148,135,19
149,136,19
150,137,19
151,138,19
152,139,19
153,140,19
154,141,19
155,142,19
156,143,19
157,144,20
158,145,20
159,146,20
160,147,20
161,144,21
162,145,21
163,146,21
164,147,21
165,148,22
166,149,22
167,150,22
168,151,22
169,152,22
170,153,23
171,154,23
172,155,23
173,156,23
174,157,23
175,158,23
176,159,23
177,160,23
178,161,23
179,162,23
180,163,23
181,164,23
182,153,24
183,154,24
184,155,24
185,156,24
186,157,24
187,158,24
188,159,24
189,160,24
190,161,24
191,162,24
192,163,24
193,164,24
194,165,9
195,166,15
196,167,15
197,168,15
198,169,15
199,170,15
200,171,15
201,172,15
202,173,15
203,166,25
204,167,25
205,168,25
206,169,25
207,170,25
208,171,25
209,172,25
210,174,25
211,175,26
212,176,26
213,175,27
214,176,27
215,177,6
216,178,6
217,179,6
218,180,6
219,181,6
220,182,6
221,183,6
222,184,6
223,185,6
224,186,28
225,187,28
226,188,28
227,189,29
228,190,29
229,191,5
230,192,5
231,193,5
232,194,9
233,195,12
234,196,12
235,197,12
236,198,12
237,199,12
238,200,12
239,201,12
240,202,12
241,203,12
242,204,12
243,205,12
244,206,12
245,207,12
246,208,30
247,209,30
248,210,30
249,211,30
250,212,30
251,213,30
252,214,30
253,215,30
254,216,30
255,217,30
256,218,30
257,219,30
258,220,30
259,221,30
260,222,30
261,223,30
262,224,30
263,225,30
264,226,30
265,227,30
266,228,30
267,229,30
268,230,30
269,231,30
270,232,30
271,233,30
272,234,30
273,235,30
274,236,30
275,237,30
276,238,30
277,239,17
278,240,17
279,241,17
280,242,17
281,243,17
282,244,17
283,228,31
284,245,31
285,234,31
286,246,31
287,238,31
288,247,32
289,240,32
290,248,32
291,242,32
292,243,32
293,244,32
294,249,31
295,250,31
296,227,31
297,251,31
298,252,31
299,253,31
300,254,31
301,255,31
302,233,31
303,235,31
304,236,31
305,256,31
306,257,32
307,258,32
308,257,31
309,240,31
310,258,31
311,243,31
312,259,31
313,260,31
314,261,31
315,262,31
316,247,31
317,263,31
318,248,31
319,264,31
320,265,31
321,266,33
322,267,9
323,268,9
324,269,9
325,270,9
326,270,34
327,271,34
328,272,35
329,273,35
330,274,35
331,275,35
332,276,35
333,277,35
334,278,35
335,279,35
336,280,35
337,281,35
338,282,35
339,283,35
340,284,35
341,285,35
342,286,35
343,287,35
344,288,35
345,289,35
346,290,35
347,291,35
348,292,35
349,293,35
350,294,36
351,295,36
352,296,36
353,297,36
354,298,36
355,299,36
356,300,36
357,301,36
358,302,36
359,303,5
360,304,37
361,305,15
362,306,15
363,307,15
364,308,15
365,305,38
366,305,14
367,309,14
368,308,14
369,310,39
370,311,39
371,312,39
372,313,39
373,314,39
374,315,39
375,316,39
376,317,39
377,318,39
378,319,39
379,320,39
380,321,39
381,322,39
382,323,39
383,324,39
384,325,39
385,326,39
386,327,39
387,328,39
388,329,39
389,330,9
390,331,1
391,332,1
392,333,5
393,334,34
394,335,34
395,336,34
396,337,34
397,338,34
398,339,34
399,340,40
400,341,40
401,342,40
402,343,40
403,344,40
404,345,40
405,346,40
406,347,40
407,348,40
408,349,40
409,350,40
410,351,40
411,352,40
412,353,40
413,354,40
414,355,40
415,356,40
416,357,40
417,358,40
418,359,40
419,360,40
420,361,40
421,362,40
422,363,41
423,364,28
424,365,28
425,366,28
426,367,28
427,368,28
428,369,28
429,370,28
430,371,28
431,372,28
432,373,28
433,364,29
434,374,29
435,366,29
436,369,29
437,370,29
438,375,29
439,372,29
440,373,29
441,368,29
442,376,29
443,377,42
444,378,42
445,379,42
446,380,42
447,381,43
448,382,42
449,383,42
450,384,42
451,385,42
452,386,42
453,387,42
454,388,42
455,389,1
456,390,1
457,391,1
458,392,44
459,393,45
460,393,46
461,394,46
462,395,47
463,396,47
464,397,47
465,398,47
466,399,47
467,400,47
468,401,47
469,402,47
470,403,47
471,404,47
472,405,47
473,406,47
474,407,47
475,408,47
476,409,47
477,410,47
478,411,47
479,412,47
480,413,48
481,414,48
482,415,48
483,416,48
484,417,48
485,418,48
486,419,48
487,420,48
488,421,15
489,422,15
490,421,25
491,422,25
492,423,18
493,424,18
494,425,18
495,426,18
496,427,18
497,428,18
498,429,18
499,430,6
500,431,6
501,432,6
502,433,6
503,434,11
504,435,11
505,436,11
506,437,11
507,438,11
508,439,11
509,434,13
510,439,13
511,435,13
512,436,13
513,437,13
514,440,9
515,440,6
516,441,17
517,442,17
518,443,17
519,444,17
520,445,17
521,446,17
522,447,17
523,448,17
524,449,17
525,450,17
526,451,17
527,452,17
528,453,17
529,454,17
530,455,17
531,456,17
532,457,17
533,458,17
534,459,17
535,460,17
536,461,17
537,462,17
538,463,17
539,464,17
540,465,17
541,466,17
542,467,17
543,468,17
544,469,17
545,470,17
546,471,17
547,472,17
548,473,17
549,474,17
550,475,17
551,476,17
552,477,17
553,478,17
554,479,17
555,480,17
556,481,32
557,482,32
558,483,32
559,476,32
560,484,32
561,452,32
562,485,41
563,486,41
564,487,41
565,488,41
566,489,41
567,490,49
568,491,49
569,492,50
570,493,50
571,494,50
572,495,50
573,496,50
574,497,50
575,498,50
576,499,50
577,500,50
578,501,50
579,502,50
580,503,50
581,504,50
582,505,50
583,506,50
584,507,50
585,508,50
586,509,50
587,510,50
588,511,51
589,512,51
590,511,52
591,513,35
592,514,35
593,515,35
594,516,35
595,517,35
596,518,35
597,519,35
598,520,35
599,521,35
600,522,35
601,523,35
602,524,35
603,525,35
604,526,35
605,527,35
606,528,35
607,529,35
608,530,35
609,531,35
610,532,35
611,533,35
612,534,35
613,535,35
614,536,35
615,537,35
616,538,35
617,539,35
618,540,35
619,541,35
620,542,53
621,543,53
622,544,53
623,545,53
624,546,38
625,547,38
626,548,38
627,549,38
628,550,38
629,551,38
630,552,14
631,553,14
632,554,14
633,555,14
634,556,38
635,557,38
636,558,54
637,559,54
638,560,54
639,561,54
640,562,54
641,563,54
642,564,54
643,565,54
644,566,54
645,567,54
646,568,54
647,569,54
648,570,5
649,571,30
650,572,30
651,573,30
652,574,30
653,575,30
654,576,30
655,577,30
656,578,30
657,579,30
658,580,55
659,581,30
660,582,9
661,583,30
662,580,30
663,582,30
664,571,31
665,573,31
666,575,31
667,577,31
668,578,31
669,579,31
670,584,31
671,585,31
672,582,31
673,583,31
674,571,7
675,573,7
676,575,7
677,578,7
678,584,7
679,582,7
680,586,34
681,587,9
682,588,9
683,589,9
684,590,34
685,591,34
686,592,34
687,593,40
688,594,40
689,595,40
690,596,30
691,597,35
692,598,35
693,599,35
694,600,35
695,601,35
696,602,35
697,603,35
698,604,30
699,605,37
700,606,37
701,607,35
702,608,35
703,609,35
704,604,31
705,610,35
706,611,35
707,612,39
708,613,39
709,614,39
710,615,9
711,616,9
712,617,56
713,618,56
714,619,56
715,620,56
716,621,56
717,622,5
718,623,48
719,624,48
720,625,48
721,626,48
722,627,48
723,628,48
724,629,48
725,630,48
726,631,48
727,632,48
728,633,48
729,634,48
730,635,48
731,636,48
732,637,9
733,638,9
734,639,9
735,640,48
736,641,48
737,642,48
738,643,48
739,644,48
740,645,57
741,646,58
742,647,58
743,648,58
744,649,58
745,650,58
746,651,58
747,652,58
748,653,20
749,654,20
750,655,20
751,656,20
752,653,21
753,654,21
754,655,21
755,656,21
756,657,21
757,658,21
758,659,21
759,660,21
760,661,21
761,662,21
762,663,21
763,664,21
764,665,21
765,666,21
766,667,21
767,668,41
768,669,20
769,670,20
770,671,20
771,672,20
772,673,20
773,674,20
774,675,20
775,676,20
776,677,20
777,678,20
778,679,20
779,680,20
780,681,20
781,682,20
782,683,20
783,684,20
784,685,20
785,686,20
786,687,20
787,688,20
788,689,20
789,690,20
790,691,20
791,692,20
792,693,20
793,694,20
794,695,20
795,696,20
796,697,20
797,698,20
798,699,20
799,700,20
800,701,21
801,702,21
802,703,21
803,704,21
804,705,21
805,706,21
806,707,21
807,708,21
808,709,21
809,710,21
810,711,21
811,712,21
812,713,21
813,714,21
814,715,21
815,716,21
816,717,21
817,718,21
818,719,21
819,720,21
820,721,21
821,722,21
822,723,21
823,724,21
824,725,21
825,726,21
826,727,21
827,728,21
828,729,21
829,730,21
830,731,21
831,732,21
832,733,21
833,734,21
834,735,21
835,736,59
836,737,60
837,738,60
838,739,60
839,740,60
840,741,60
841,742,60
842,743,60
843,744,60
844,745,60
845,746,60
846,747,1
847,748,1
848,749,1
849,750,50
850,751,50
851,752,50
852,753,50
853,754,50
854,755,50
855,756,50
856,757,50
857,758,50
858,759,50
859,760,50
860,761,50
861,762,50
862,763,50
863,764,50
864,765,50
865,766,50
866,767,50
867,768,50
868,769,11
869,770,11
870,769,13
871,770,13
872,771,61
873,772,61
874,773,61
875,774,61
876,775,61
877,776,61
878,777,61
879,778,61
880,779,61
881,780,61
882,781,61
883,782,61
884,783,61
885,784,61
886,785,61
887,786,61
888,787,61
889,788,61
890,789,61
891,790,61
892,791,61
893,792,61
894,793,61
895,794,61
896,795,9
897,796,9
898,797,9
899,798,9
900,799,9
901,800,61
902,801,61
903,802,61
904,803,61
905,804,61
906,805,61
907,806,61
908,807,61
909,808,61
910,809,61
911,810,61
912,811,61
913,812,61
914,813,61
915,814,61
916,815,61
917,816,61
918,817,61
919,818,61
920,819,61
921,820,61
922,821,61
923,822,62
924,823,62
925,824,62
926,822,63
927,823,63
928,824,63
929,825,63
930,826,63
931,827,63
932,828,20
933,829,20
934,830,20
935,831,20
936,832,20
937,833,20
938,834,21
939,835,21
940,836,21
941,837,64
942,838,29
943,839,41
944,840,41
945,841,41
946,842,41
947,843,41
948,844,41
949,845,41
950,846,65
951,847,65
952,848,65
953,849,65
954,850,65
955,851,65
956,852,65
957,853,65
958,854,65
959,855,65
960,856,65
961,857,65
962,858,65
963,859,65
964,860,65
965,861,65
966,862,65
967,863,65
968,864,65
969,865,65
970,866,65
971,867,65
972,868,65
973,869,65
974,870,65
975,871,65
976,872,18
977,873,18
978,874,18
979,875,18
980,876,18
981,877,18
982,878,18
983,879,18
984,880,18
985,881,18
986,882,18
987,883,18
988,884,18
989,885,18
990,886,18
991,887,18
992,888,18
993,889,18
994,890,18
995,891,18
996,892,18
997,893,18
998,894,18
999,895,18
1000,896,18
1001,897,18
1002,898,18
1003,899,18
1004,900,18
1005,901,18
1006,902,18
1007,903,18
1008,904,18
1009,905,18
1010,906,18
1011,907,18
1012,908,18
1013,909,18
1014,910,18
1015,911,18
1016,912,18
1017,913,18
1018,914,18
1019,915,18
1020,916,18
1021,917,18
1022,918,18
1023,919,18
1024,920,18
1025,921,66
1026,921,67
1027,922,68
1028,923,69
1029,924,22
1030,925,22
1031,926,22
1032,927,22
1033,928,22
1034,929,22
1035,930,22
1036,931,22
1037,932,17
1038,933,17
1039,934,17
1040,935,70
1041,936,70
1042,937,70
1043,938,70
1044,939,70
1045,940,70
1046,941,71
1047,942,71
1048,943,6
1049,944,6
1050,945,6
1051,946,6
1052,947,6
1053,948,6
1054,949,6
1055,950,6
1056,951,6
1057,952,6
1058,953,6
1059,954,6
1060,955,6
1061,956,6
1062,957,9
1063,958,9
1064,959,9
1065,960,9
1066,961,9
1067,962,9
1068,963,9
1069,964,9
1070,965,9
1071,966,72
1072,967,9
1073,968,30
1074,969,30
1075,970,30
1076,971,30
1077,972,30
1078,973,30
1079,974,30
1080,975,30
1081,967,30
1082,961,30
1083,962,30
1084,963,30
1085,964,30
1086,965,30
1087,967,31
1088,968,31
1089,969,31
1090,961,31
1091,970,31
1092,962,31
1093,963,31
1094,964,31
1095,972,31
1096,975,31
1097,965,31
1098,976,31
1099,973,31
1100,977,31
1101,978,73
1102,979,73
1103,980,73
1104,981,73
1105,982,73
1106,978,74
1107,979,74
1108,980,74
1109,981,74
1110,982,74
1111,978,75
1112,979,75
1113,980,75
1114,981,75
1115,982,75
1116,983,9
1117,984,9
1118,985,9
1119,986,17
1120,987,17
1121,988,17
1122,989,17
1123,990,17
1124,991,17
1125,992,17
1126,993,17
1127,994,17
1128,995,17
1129,996,17
1130,997,17
1131,998,17
1132,999,17
1133,1000,12
1134,1001,12
1135,1002,12
1136,1003,17
1137,1004,17
1138,1005,17
1139,1006,17
1140,1007,12
1141,1008,12
1142,1009,12
1143,1010,12
1144,1011,17
1145,1012,17
1146,1013,12
1147,998,12
1148,999,12
1149,988,32
1150,989,32
1151,990,32
1152,991,32
1153,993,32
1154,994,32
1155,995,32
1156,996,32
1157,1014,32
1158,1015,32
1159,1016,32
1160,1017,12
1161,1018,12
1162,1019,12
1163,1020,12
1164,997,32
1165,999,32
1166,1017,32
1167,1019,32
1168,1021,12
1169,1022,12
1170,1023,12
1171,1024,12
1172,1025,12
1173,1026,12
1174,1027,12
1175,1028,12
1176,1029,12
1177,1030,12
1178,1031,12
1179,1006,32
1180,1032,32
1181,998,32
1182,1033,20
1183,1034,20
1184,1035,20
1185,1033,21
1186,1034,21
1187,1036,21
1188,1037,76
1189,1038,76
1190,1039,76
1191,1040,14
1192,1037,63
1193,1038,63
1194,1039,63
1195,1041,63
1196,1042,63
1197,1043,63
1198,1044,9
1199,1045,9
1200,1046,9
1201,1047,9
1202,1048,9
1203,1049,9
1204,1050,9
1205,1051,9
1206,1052,9
1207,1053,9
1208,1054,77
1209,1055,77
1210,1056,77
1211,1057,77
1212,1058,77
1213,1059,77
1214,1060,77
1215,1061,77
1216,1062,77
1217,1063,77
1218,1064,77
1219,1065,77
1220,1066,77
1221,1067,77
1222,1054,6
1223,1056,6
1224,1068,9
1225,1057,6
1226,1058,6
1227,1055,6
1228,1044,6
1229,1045,6
1230,1046,6
1231,1047,6
1232,1048,6
1233,1049,6
1234,1069,6
1235,1068,6
1236,1050,6
1237,1052,6
1238,1053,6
1239,1069,9
1240,1051,6
1241,1070,6
1242,1071,6
1243,1072,77
1244,1073,77
1245,1074,77
1246,1075,77
1247,1076,77
1248,1077,77
1249,1078,77
1250,1079,77
1251,1080,77
1252,1081,12
1253,1082,12
1254,1083,12
1255,1084,12
1256,1085,12
1257,1086,12
1258,1087,12
1259,1088,12
1260,1089,12
1261,1090,12
1262,1091,12
1263,1092,12
1264,1093,12
1265,1094,12
1266,1095,12
1267,1096,12
1268,1097,12
1269,1098,78
1270,1099,37
1271,1100,41
1272,1101,79
1273,1102,80
1274,1103,34
1275,1104,34
1276,1105,34
1277,1106,34
1278,1107,34
1279,1108,34
1280,1109,34
1281,1110,5
1282,1111,5
1283,1112,5
1284,1113,22
1285,1114,22
1286,1115,22
1287,1116,22
1288,1117,22
1289,1118,81
1290,1119,77
1291,1120,77
1292,1121,77
1293,1122,77
1294,1123,77
1295,1124,77
1296,1125,77
1297,1126,77
1298,1127,77
1299,1128,77
1300,1129,5
1301,1130,5
1302,1131,30
1303,1131,31
1304,1132,5
1305,1133,5
1306,1134,5
1307,1135,5
1308,1136,5
1309,1137,18
1310,1138,18
1311,1139,18
1312,1140,18
1313,1141,18
1314,1142,18
1315,1143,18
1316,1144,18
1317,1145,18
1318,1146,18
1319,1147,18
1320,1148,18
1321,1149,18
1322,1150,18
1323,1151,18
1324,1152,18
1325,1153,18
1326,1154,18
1327,1155,18
1328,1156,18
1329,1157,18
1330,1158,18
1331,1159,18
1332,1160,18
1333,1161,18
1334,1162,18
1335,1163,18
1336,1164,18
1337,1165,18
1338,1166,18
1339,1167,18
1340,1168,18
1341,1169,18
1342,1170,18
1343,1171,18
1344,1172,18
1345,1173,18
1346,1174,18
1347,1175,18
1348,1176,18
1349,1177,18
1350,1178,18
1351,1179,18
1352,1180,18
1353,1181,18
1354,1182,18
1355,1183,18
1356,1184,18
1357,1185,18
1358,1186,18
1359,1187,18
1360,1188,18
1361,1189,18
1362,1190,18
1363,1191,9
1364,1192,18
1365,1193,18
1366,1194,18
1367,1195,18
1368,1196,18
1369,1197,18
1370,1198,18
1371,1199,18
1372,1200,18
1373,1201,18
1374,1202,18
1375,1203,18
1376,1204,18
1377,1205,18
1378,1206,18
1379,1207,18
1380,1208,18
1381,1209,18
1382,1210,18
1383,1211,18
1384,1212,18
1385,1213,18
1386,1214,18
1387,1215,18
1388,1216,18
1389,1217,18
1390,1218,18
1391,1219,18
1392,1220,18
1393,1221,18
1394,1222,18
1395,1223,18
1396,1224,18
1397,1225,18
1398,1226,18
1399,1227,18
1400,1228,18
1401,1229,18
1402,1230,18
1403,1231,18
1404,1232,18
1405,1233,18
1406,1234,18
1407,1235,18
1408,1236,18
1409,1237,18
1410,1238,18
1411,1239,18
1412,1240,18
1413,1241,18
1414,1242,18
1415,1243,18
1416,1244,18
1417,1245,18
1418,1246,18
1419,1247,18
1420,1248,18
1421,1249,18
1422,1250,18
1423,1251,18
1424,1252,18
1425,1253,34
1426,1254,34
1427,1255,34
1428,1256,34
1429,1257,34
1430,1258,34
1431,1259,34
1432,1260,68
1433,1261,68
1434,1262,68
1435,1263,68
1436,1264,68
1437,1265,68
1438,1266,68
1439,1267,68
1440,1268,68
1441,1269,68
1442,1270,68
1443,1271,68
1444,1272,68
1445,1273,68
1446,1274,30
1447,1275,30
1448,1276,30
1449,1277,5
1450,1278,5
1451,1279,5
1452,1280,5
1453,1281,6
1454,1282,9
1455,1283,6
1456,1284,9
1457,1282,6
1458,1284,6
1459,1285,82
1460,1286,82
1461,1287,82
1462,1288,82
1463,1289,83
1464,1290,83
1465,1291,83
1466,1292,83
1467,1293,84
1468,1294,85
1469,1295,85
1470,1296,82
1471,1297,82
1472,1298,82
1473,1299,82
1474,1294,86
1475,1295,86
1476,1300,84
1477,1301,86
1478,1302,86
1479,1303,83
1480,1304,83
1481,1305,83
1482,1306,83
1483,1307,83
1484,1308,83
1485,1309,9
1486,1310,9
1487,1311,9
1488,1312,9
1489,1313,9
1490,1314,9
1491,1312,52
1492,1313,52
1493,1314,52
1494,1312,34
1495,1313,34
1496,1314,34
1497,1315,87
1498,1316,87
1499,1317,87
1500,1318,87
1501,1319,87
1502,1320,87
1503,1321,87
1504,1322,87
1505,1323,87
1506,1324,87
1507,1325,15
1508,1325,25
1509,1326,25
1510,1327,20
1511,1328,20
1512,1329,20
1513,1330,20
1514,1331,20
1515,1332,20
1516,1333,20
1517,1334,20
1518,1335,20
1519,1336,20
1520,1337,20
1521,1338,20
1522,1327,21
1523,1328,21
1524,1329,21
1525,1330,21
1526,1339,21
1527,1332,21
1528,1333,21
1529,1334,21
1530,1335,21
1531,1336,21
1532,1337,21
1533,1340,21
1534,1341,21
1535,1342,21
1536,1343,21
1537,1344,6
1538,1345,6
1539,1346,9
1540,1347,6
1541,1348,6
1542,1349,6
1543,1350,6
1544,1351,9
1545,1352,9
1546,1353,6
1547,1354,6
1548,1355,9
1549,1356,6
1550,1357,6
1551,1351,6
1552,1358,6
1553,1359,6
1554,1360,6
1555,1361,6
1556,1362,6
1557,1363,6
1558,1364,6
1559,1365,6
1560,1366,6
1561,1367,6
1562,1368,6
1563,1369,6
1564,1370,6
1565,1371,6
1566,1372,6
1567,1373,12
1568,1374,12
1569,1375,12
1570,1376,12
1571,1377,12
1572,1378,12
1573,1379,12
1574,1380,12
1575,1381,12
1576,1382,12
1577,1383,12
1578,1384,12
1579,1385,12
1580,1386,12
1581,1387,12
1582,1388,12
1583,1389,12
1584,1390,12
1585,1391,12
1586,1392,12
1587,1393,12
1588,1394,12
1589,1395,12
1590,1396,12
1591,1397,12
1592,1398,12
1593,1399,12
1594,1400,12
1595,1401,12
1596,1402,12
1597,1403,12
1598,1404,12
1599,1405,12
1600,1406,12
1601,1407,12
1602,1408,12
1603,1409,12
1604,1410,12
1605,1411,12
1606,1412,12
1607,1413,12
1608,1414,12
1609,1415,12
1610,1416,12
1611,1417,12
1612,1418,12
1613,1419,12
1614,1420,12
1615,1421,12
1616,1422,12
1617,1423,50
1618,1424,50
1619,1425,50
1620,1426,50
1621,1427,50
1622,1428,50
1623,1429,50
1624,1430,50
1625,1431,50
1626,1432,58
1627,1433,58
1628,1434,58
1629,1435,88
1630,1436,88
1631,1437,88
1632,1438,88
1633,1439,88
1634,1440,88
1635,1441,88
1636,1442,89
1637,1443,89
1638,1444,89
1639,1445,89
1640,1446,89
1641,1447,89
1642,1448,89
1643,1449,89
1644,1450,89
1645,1451,89
1646,1452,89
1647,1453,89
1648,1454,89
1649,1455,89
1650,1456,89
1651,1457,89
1652,1458,89
1653,1459,89
1654,1460,89
1655,1461,5
1656,1462,5
1657,1463,5
1658,1464,88
1659,1465,88
1660,1466,88
1661,1467,88
1662,1468,88
1663,1469,88
1664,1470,88
1665,1471,88
1666,1472,88
1667,1473,88
1668,1474,88
1669,1475,88
1670,1476,88
1671,1477,88
1672,1478,88
1673,1479,88
1674,1480,88
1675,1481,88
1676,1482,88
1677,1483,88
1678,1484,88
1679,1485,88
1680,1486,88
1681,1487,88
1682,1488,88
1683,1489,89
1684,1490,89
1685,1491,89
1686,1492,89
1687,1493,89
1688,1494,89
1689,1495,89
1690,1496,89
1691,1497,89
1692,1498,89
1693,1499,89
1694,1500,89
1695,1501,89
1696,1502,89
1697,1503,18
1698,1504,18
1699,1505,18
1700,1506,18
1701,1507,18
1702,1508,18
1703,1509,18
1704,1510,18
1705,1511,18
1706,1512,18
1707,1513,18
1708,1514,18
1709,1515,18
1710,1516,18
1711,1517,18
1712,1518,18
1713,1519,18
1714,1520,18
1715,1521,18
1716,1522,18
1717,1523,18
1718,1524,18
1719,1525,18
1720,1526,18
1721,1527,18
1722,1528,18
1723,1529,18
1724,1530,18
1725,1531,18
1726,1532,18
1727,1533,18
1728,1535,18
1729,1536,18
1730,1537,18
1731,1538,18
1732,1539,18
1733,1540,18
1734,1541,18
1735,1542,18
1736,1543,18
1737,1544,18
1738,1545,18
1739,1546,18
1740,1547,18
1741,1548,18
1742,1549,18
1743,1550,18
1744,1551,18
1745,1552,18
1746,1553,18
1747,1554,18
1748,1555,18
1749,1556,18
1750,1557,34
1751,1558,34
1752,1559,34
1753,1560,90
1754,1561,90
1755,1562,90
1756,1563,92
1757,1564,92
1758,1565,92
1759,1566,92
1760,1567,92
1761,1568,92
1762,1569,92
1763,1570,92
1764,1571,92
1765,1572,92
1766,1573,92
1767,1574,92
1768,1575,92
1769,1576,92
1770,1577,92
1771,1578,92
1772,1579,92
1773,1580,92
1774,1581,92
1775,1582,92
1776,1583,92
1777,1584,92
1778,1585,92
1779,1586,92
1780,1587,92
1781,1588,92
1782,1589,92
1783,1590,92
1784,1591,92
1785,1592,92
1786,1593,92
1787,1594,93
1788,1595,21
1789,1596,21
1790,1597,21
1791,1598,21
1792,1599,41
1793,1600,41
1794,1601,6
1795,1602,6
1796,1603,6
1797,1604,15
1798,1605,15
1799,1606,15
1800,1607,15
1801,1608,15
1802,1609,15
1803,1610,15
1804,1611,15
1805,1612,15
1806,1613,15
1807,1614,15
1808,1615,15
1809,1616,15
1810,1617,15
1811,1618,15
1812,1619,15
1813,1620,15
1814,1621,15
1815,1622,15
1816,1623,15
1817,1624,15
1818,1625,15
1819,1626,15
1820,1627,15
1821,1628,15
1822,1629,15
1823,1630,15
1824,1631,15
1825,1632,15
1826,1633,15
1827,1634,15
1828,1635,15
1829,1636,15
1830,1637,15
1831,1638,15
1832,1639,15
1833,1640,15
1834,1641,15
1835,1642,15
1836,1643,15
1837,1644,15
1838,1645,15
1839,1604,25
1840,1605,25
1841,1606,25
1842,1607,25
1843,1609,25
1844,1610,25
1845,1611,25
1846,1612,25
1847,1613,25
1848,1614,25
1849,1615,25
1850,1616,25
1851,1617,25
1852,1618,25
1853,1619,25
1854,1620,25
1855,1621,25
1856,1622,25
1857,1623,25
1858,1624,25
1859,1625,25
1860,1626,25
1861,1627,25
1862,1628,25
1863,1629,25
1864,1630,25
1865,1631,25
1866,1632,25
1867,1633,25
1868,1634,25
1869,1635,25
1870,1636,25
1871,1637,25
1872,1638,25
1873,1639,25
1874,1640,25
1875,1641,25
1876,1642,25
1877,1643,25
1878,1644,25
1879,1645,25
1880,1646,25
1881,1647,25
1882,1608,25
1883,1648,25
1884,1649,25
1885,1650,25
1886,1651,25
1887,1652,25
1888,1653,25
1889,1654,25
1890,1655,25
1891,1656,25
1892,1657,25
1893,1658,25
1894,1659,25
1895,1660,25
1896,1661,25
1897,1662,25
1898,1663,25
1899,1664,25
1900,1665,25
1901,1666,25
1902,1667,25
1903,1668,25
1904,1669,25
1905,1670,25
1906,1671,25
1907,1672,25
1908,1673,25
1909,1674,25
1910,1675,9
1911,1676,9
1912,1677,9
1913,1678,9
1914,1679,9
1915,1680,9
1916,1681,5
1917,1682,34
1918,1683,9
1919,1684,9
1920,1685,9
1921,1683,52
1922,1684,52
1923,1685,52
1924,1683,34
1925,1684,34
1926,1685,34
1927,1686,9
1928,1687,9
1929,1688,9
1930,1689,9
1931,1690,6
1932,1691,6
1933,1692,6
1934,1693,6
1935,1694,9
1936,1695,9
1937,1696,9
1938,1697,9
1939,1698,9
1940,1699,30
1941,1700,30
1942,1701,30
1943,1702,30
1944,1703,30
1945,1699,31
1946,1700,31
1947,1701,31
1948,1702,31
1949,1703,31
1950,1704,16
1951,1705,16
1952,1706,16
1953,1707,16
1954,1708,16
1955,1709,16
1956,1710,94
1957,1711,94
1958,1712,94
1959,1713,94
1960,1714,94
1961,1715,94
1962,1716,94
1963,1717,94
1964,1718,94
1965,1719,94
1966,1720,94
1967,1721,94
1968,1722,94
1969,1723,94
1970,1724,94
1971,1725,94
1972,1726,94
1973,1727,94
1974,1728,94
1975,1729,95
1976,1730,95
1977,1731,95
1978,1732,95
1979,1733,96
1980,1734,96
1981,1735,96
1982,1736,96
1983,1737,96
1984,1738,96
1985,1739,96
1986,1740,96
1987,1741,96
1988,1742,96
1989,1743,96
1990,1744,96
1991,1745,96
1992,1746,47
1993,1747,9
1994,1748,9
1995,1749,9
1996,1750,9
1997,1751,97
1998,1752,59
1999,1753,90
2000,1754,90
2001,1755,90
2002,1756,90
2003,1757,89
2004,1758,89
2005,1759,89
2006,1760,89
2007,1761,89
2008,1762,89
2009,1763,89
2010,1764,89
2011,1765,89
2012,1766,89
2013,1767,89
2014,1768,89
2015,1769,89
2016,1770,89
2017,1771,89
2018,1772,89
2019,1773,89
2020,1774,89
2021,1775,89
2022,1776,89
2023,1777,89
2024,1778,89
2025,1779,89
2026,1780,89
2027,1781,89
2028,1782,89
2029,1783,89
2030,1784,89
2031,1785,89
2032,1786,89
2033,1787,89
2034,1788,89
2035,1789,89
2036,1790,89
2037,1791,89
2038,1792,89
2039,1793,89
2040,1794,89
2041,1795,89
2042,1796,89
2043,1797,89
2044,1798,89
2045,1799,89
2046,1800,89
2047,1801,89
2048,1802,89
2049,1803,89
2050,1804,89
2051,1805,89
2052,1806,89
2053,1807,89
2054,1808,89
2055,1809,89
2056,1810,89
2057,1811,89
2058,1812,89
2059,1813,89
2060,1814,89
2061,1815,89
2062,1816,89
2063,1817,89
2064,1818,89
2065,1819,89
2066,1820,89
2067,1821,89
2068,1822,89
2069,1823,9
2070,1824,34
2071,1825,30
2072,1826,30
2073,1827,30
2074,1828,30
2075,1829,30
2076,1830,30
2077,1831,30
2078,1832,30
2079,1833,30
2080,1834,30
2081,1835,30
2082,1836,30
2083,1837,30
2084,1838,30
2085,1839,30
2086,1840,30
2087,1841,30
2088,1842,30
2089,1843,30
2090,1844,30
2091,1845,17
2092,1846,30
2093,1847,30
2094,1848,30
2095,1849,30
2096,1850,30
2097,1851,30
2098,1852,30
2099,1853,30
2100,1854,30
2101,1855,30
2102,1856,30
2103,1857,17
2104,1858,17
2105,1859,30
2106,1860,30
2107,1861,30
2108,1862,30
2109,1863,30
2110,1864,30
2111,1865,30
2112,1866,30
2113,1857,30
2114,1845,30
2115,1846,20
2116,1849,20
2117,1854,17
2118,1867,30
2119,1868,30
2120,1869,30
2121,1870,30
2122,1871,30
2123,1872,98
2124,1873,30
2125,1874,30
2126,1875,30
2127,1876,30
2128,1877,30
2129,1858,30
2130,1878,17
2131,1879,17
2132,1880,17
2133,1825,31
2134,1826,31
2135,1827,31
2136,1828,31
2137,1829,31
2138,1881,31
2139,1882,31
2140,1883,31
2141,1884,31
2142,1830,31
2143,1831,31
2144,1863,31
2145,1833,31
2146,1834,31
2147,1835,31
2148,1885,31
2149,1838,31
2150,1886,31
2151,1887,31
2152,1888,31
2153,1889,31
2154,1890,31
2155,1867,31
2156,1868,31
2157,1869,31
2158,1870,31
2159,1891,31
2160,1857,31
2161,1844,31
2162,1846,31
2163,1847,31
2164,1848,31
2165,1849,31
2166,1850,31
2167,1851,31
2168,1852,31
2169,1853,31
2170,1855,31
2171,1858,31
2172,1856,31
2173,1854,32
2174,1892,32
2175,1893,32
2176,1894,32
2177,1845,12
2178,1839,31
2179,1895,31
2180,1896,31
2181,1897,31
2182,1898,31
2183,1899,31
2184,1900,31
2185,1901,31
2186,1902,31
2187,1903,31
2188,1904,31
2189,1905,20
2190,1906,20
2191,1905,21
2192,1907,21
2193,1908,21
2194,1909,99
2195,1910,99
2196,1911,99
2197,1912,99
2198,1913,99
2199,1914,99
2200,1915,99
2201,1916,99
2202,1917,99
2203,1918,99
2204,1919,99
2205,1920,99
2206,1921,99
2207,1922,15
2208,1923,15
2209,1924,15
2210,1925,15
2211,1926,15
2212,1927,15
2213,1928,15
2214,1929,15
2215,1930,15
2216,1931,15
2217,1932,15
2218,1933,15
2219,1934,15
2220,1935,15
2221,1936,15
2222,1937,15
2223,1938,15
2224,1939,15
2225,1940,15
2226,1941,15
2227,1942,41
2228,1943,41
2229,1944,41
2230,1945,41
2231,1946,41
2232,1947,41
2233,1948,41
2234,1925,25
2235,1926,25
2236,1927,25
2237,1928,25
2238,1929,25
2239,1932,25
2240,1933,25
2241,1934,25
2242,1936,25
2243,1922,25
2244,1939,25
2245,1940,25
2246,1941,25
2247,1949,25
2248,1950,25
2249,1951,25
2250,1952,25
2251,1953,25
2252,1954,25
2253,1955,25
2254,1956,100
2255,1957,100
2256,1958,100
2257,1959,101
2258,1960,101
2259,1961,101
2260,1962,101
2261,1963,101
2262,1964,101
2263,1965,101
2264,1966,101
2265,1967,101
2266,1968,101
2267,1969,101
2268,1970,101
2269,1971,101
2270,1972,101
2271,1973,101
2272,1974,101
2273,1975,101
2274,1976,101
2275,1977,101
2276,1978,100
2277,1979,100
2278,1980,101
2279,1981,101
2280,1982,101
2281,1983,101
2282,1984,100
2283,1985,101
2284,1986,101
2285,1987,101
2286,1988,101
2287,1989,101
2288,1990,101
2289,1991,101
2290,1992,101
2291,1993,101
2292,1994,101
2293,1995,101
2294,1996,101
2295,1997,101
2296,1998,101
2297,1999,101
2298,2000,101
2299,2001,101
2300,2002,101
2301,2003,101
2302,2004,101
2303,2005,101
2304,2006,101
2305,2007,101
2306,2008,101
2307,2009,101
2308,2010,101
2309,2011,101
2310,2012,101
2311,2013,101
2312,2014,101
2313,2015,101
2314,2016,101
2315,2017,100
2316,2018,101
2317,2019,101
2318,2020,101
2319,2021,101
2320,2022,101
2321,2023,101
2322,2024,101
2323,2025,101
2324,2026,101
2325,2027,101
2326,2028,100
2327,2029,100
2328,2030,101
2329,2031,101
2330,2032,101
2331,2033,101
2332,2034,101
2333,2035,102
2334,2036,102
2335,2037,102
2336,2038,102
2337,2039,102
2338,2040,102
2339,2041,102
2340,2042,102
2341,2043,102
2342,2044,102
2343,2045,102
2344,2046,101
2345,2047,101
2346,2048,101
2347,2049,101
2348,2050,101
2349,2051,101
2350,2052,101
2351,2053,101
2352,2054,101
2353,2055,101
2354,2056,101
2355,2057,101
2356,2058,101
2357,1956,101
2358,2028,101
2359,1957,101
2360,1958,101
2361,1979,101
2362,1984,101
2363,2017,101
2364,2059,101
2365,2060,101
2366,2061,101
2367,2062,101
2368,2063,101
2369,2064,101
2370,2065,101
2371,2066,101
2372,2067,101
2373,2068,101
2374,2069,101
2375,2070,101
2376,2071,101
2377,2072,101
2378,2073,101
2379,2074,101
2380,2075,101
2381,2076,101
2382,2077,101
2383,2078,101
2384,2079,101
2385,2080,101
2386,2081,101
2387,2082,101
2388,2083,101
2389,2084,41
2390,2085,68
2391,2086,68
2392,2087,68
2393,2088,68
2394,2089,68
2395,2090,68
2396,2091,68
2397,2092,68
2398,2093,68
2399,2094,19
2400,2094,6
2401,2095,7
2402,2096,7
2403,2097,7
2404,2098,7
2405,2099,7
2406,2100,7
2407,2101,7
2408,2102,7
2409,2103,7
2410,2104,7
2411,2105,7
2412,2106,7
2413,2107,7
2414,2108,7
2415,2109,7
2416,2110,7
2417,2111,7
2418,2112,7
2419,2113,7
2420,2114,7
2421,2115,7
2422,2116,7
2423,2117,7
2424,2118,7
2425,2119,7
2426,2120,7
2427,2121,7
2428,2122,7
2429,2123,7
2430,2124,7
2431,2125,7
2432,2126,7
2433,2127,7
2434,2128,7
2435,2129,7
2436,2130,7
2437,2131,7
2438,2132,7
2439,2133,7
2440,2134,7
2441,2135,7
2442,2136,7
2443,2137,7
2444,2138,7
2445,2139,7
2446,2140,7
2447,2141,7
2448,2142,7
2449,2143,7
2450,2144,7
2451,2145,7
2452,2146,7
2453,2147,7
2454,2148,7
2455,2149,7
2456,2150,7
2457,2151,7
2458,2152,7
2459,2153,7
2460,2154,7
2461,2155,7
2462,2156,7
2463,2157,7
2464,2158,7
2465,2159,7
2466,2160,7
2467,2161,53
2468,2162,53
2469,2163,53
2470,2164,53
2471,2165,53
2472,2166,53
2473,2167,53
2474,2168,53
2475,2169,53
2476,2170,53
2477,2171,53
2478,2172,53
2479,2173,53
2480,2174,53
2481,2175,53
2482,2176,53
2483,2177,53
2484,2178,53
2485,2179,53
2486,2180,53
2487,2181,53
2488,2182,103
2489,2183,103
2490,2184,103
2491,2185,103
2492,2186,103
2493,2187,103
2494,2182,104
2495,2183,104
2496,2184,104
2497,2185,104
2498,2186,104
2499,2187,104
2500,2188,104
2501,2189,104
2502,2190,104
2503,2191,104
2504,2192,104
2505,2193,104
2506,2194,104
2507,2195,104
2508,2196,18
2509,2197,18
2510,2198,18
2511,2199,18
2512,2200,18
2513,2201,18
2514,2202,18
2515,2203,18
2516,2204,18
2517,2205,18
2518,2206,18
2519,2207,18
2520,2208,18
2521,2209,18
2522,2210,18
2523,2211,18
2524,2212,18
2525,2213,18
2526,2214,18
2527,2215,18
2528,2216,18
2529,2217,18
2530,2218,18
2531,2219,18
2532,2220,18
2533,2221,18
2534,2222,18
2535,2223,18
2536,2224,18
2537,2225,18
2538,2226,34
2539,2227,34
2540,2228,18
2541,2229,18
2542,2230,18
2543,2231,18
2544,2232,18
2545,2233,18
2546,2234,18
2547,2235,18
2548,2236,18
2549,2237,18
2550,2238,18
2551,2239,18
2552,2240,18
2553,2241,18
2554,2242,18
2555,2243,18
2556,2244,18
2557,2245,34
2558,2246,34
2559,2247,34
2560,2248,34
2561,2249,34
2562,2250,34
2563,2251,34
2564,2252,34
2565,2253,34
2566,2254,34
2567,2255,34
2568,2256,18
2569,2257,105
2570,2258,106
2571,2259,106
2572,2260,106
2573,2261,106
2574,2262,106
2575,2263,106
2576,2264,106
2577,2265,106
2578,2266,106
2579,2267,106
2580,2268,106
2581,2269,106
2582,2270,106
2583,2271,106
2584,2272,106
2585,2273,106
2586,2274,106
2587,2275,106
2588,2276,106
2589,2277,106
2590,2278,9
2591,2279,34
2592,2280,51
2593,2281,51
2594,2280,52
2595,2281,52
2596,2282,52
2597,2283,52
2598,2284,34
2599,2285,34
2600,2286,37
2601,2287,107
2602,2288,107
2603,2289,107
2604,2290,107
2605,2291,107
2606,2292,107
2607,2293,107
2608,2294,107
2609,2295,107
2610,2296,107
2611,2297,107
2612,2298,107
2613,2299,107
2614,2300,107
2615,2301,107
2616,2302,107
2617,2303,107
2618,2304,107
2619,2305,107
2620,2306,107
2621,2307,107
2622,2308,107
2623,2309,9
2624,2310,17
2625,2311,11
2626,2311,13
2627,2312,12
2628,2313,12
2629,2314,12
2630,2315,35
2631,2316,35
2632,2317,35
2633,2318,35
2634,2319,35
2635,2320,35
2636,2321,35
2637,2322,35
2638,2323,35
2639,2324,35
2640,2325,35
2641,2326,35
2642,2327,35
2643,2328,35
2644,2329,35
2645,2330,35
2646,2331,35
2647,2332,35
2648,2333,35
2649,2334,35
2650,2335,35
2651,2336,35
2652,2337,35
2653,2338,35
2654,2339,35
2655,2340,35
2656,2341,35
2657,2342,35
2658,2343,35
2659,2344,35
2660,2345,35
2661,2346,35
2662,2347,35
2663,2348,35
2664,2349,35
2665,2350,35
2666,2351,35
2667,2352,35
2668,2353,35
2669,2354,35
2670,2355,35
2671,2356,35
2672,2357,35
2673,2358,35
2674,2359,35
2675,2360,35
2676,2361,35
2677,2362,35
2678,2363,9
2679,2364,35
2680,2365,35
2681,2366,35
2682,2367,35
2683,2368,35
2684,2369,35
2685,2370,35
2686,2371,35
2687,2372,35
2688,2373,35
2689,2374,35
2690,2375,35
2691,2376,35
2692,2377,35
2693,2378,9
2694,2379,108
2695,2380,12
2696,2381,12
2697,2382,12
2698,2383,12
2699,2384,12
2700,2385,12
2701,2386,12
2702,2387,12
2703,2388,9
2704,2389,20
2705,2389,21
2706,2390,11
2707,2391,9
2708,2391,88
2709,2392,88
2710,2393,88
2711,2392,32
2712,2394,68
2713,2395,6
2714,2396,6
2715,2397,6
2716,2398,6
2717,2399,6
2718,2400,6
2719,2401,6
2720,2402,6
2721,2403,6
2722,2404,6
2723,2405,109
2724,2406,41
2725,2407,20
2726,2408,20
2727,2409,20
2728,2410,20
2729,2411,20
2730,2412,20
2731,2407,21
2732,2408,21
2733,2409,21
2734,2410,21
2735,2411,21
2736,2412,21
2737,2413,48
2738,2414,48
2739,2415,48
2740,2416,48
2741,2417,48
2742,2418,48
2743,2419,9
2744,2420,9
2745,2421,6
2746,2422,6
2747,2423,6
2748,2424,77
2749,2425,77
2750,2419,6
2751,2420,6
2752,2426,6
2753,2427,6
2754,2428,6
2755,2429,77
2756,2430,77
2757,2431,30
2758,2432,30
2759,2432,31
2760,2433,9
2761,2434,47
2762,2435,47
2763,2436,47
2764,2437,47
2765,2438,47
2766,2439,47
2767,2440,47
2768,2441,47
2769,2442,47
2770,2443,47
2771,2444,47
2772,2445,47
2773,2446,47
2774,2447,47
2775,2448,47
2776,2449,47
2777,2450,47
2778,2451,47
2779,2452,6
2780,2453,6
2781,2454,6
2782,2455,6
2783,2456,6
2784,2457,6
2785,2458,6
2786,2459,6
2787,2460,6
2788,2461,6
2789,2462,89
2790,2463,89
2791,2464,89
2792,2465,89
2793,2466,9
2794,2467,111
2795,2468,111
2796,2469,112
2797,2470,112
2798,2471,41
2799,2472,9
2800,2473,9
2801,2474,9
2802,2475,9
2803,2476,9
2804,2477,9
2805,2478,9
2806,2479,9
2807,2480,9
2808,2481,9
2809,2482,9
2810,2483,9
2811,2484,113
2812,2485,113
2813,2486,113
2814,2487,113
2815,2488,9
2816,2489,6
2817,2490,6
2818,2491,6
2819,2492,6
2820,2493,6
2821,2494,6
2822,2495,114
2823,2496,114
2824,2497,114
2825,2498,114
2826,2499,114
2827,2500,114
2828,2495,115
2829,2496,115
2830,2497,115
2831,2498,115
2832,2499,115
2833,2500,115
2834,2501,35
2835,2502,35
2836,2503,35
2837,2504,35
2838,2505,35
2839,2506,35
2840,2507,35
2841,2508,35
2842,2509,35
2843,2510,35
2844,2511,35
2845,2512,35
2846,2513,35
2847,2514,35
2848,2515,30
2849,2516,30
2850,2517,30
2851,2518,30
2852,2519,30
2853,2520,30
2854,2521,30
2855,2522,30
2856,2523,30
2857,2524,30
2858,2525,30
2859,2526,30
2860,2527,30
2861,2528,30
2862,2529,30
2863,2530,30
2864,2531,30
2865,2532,30
2866,2533,30
2867,2534,30
2868,2515,31
2869,2533,31
2870,2535,31
2871,2519,31
2872,2534,31
2873,2521,31
2874,2522,31
2875,2523,31
2876,2524,31
2877,2525,31
2878,2526,31
2879,2527,31
2880,2528,31
2881,2517,31
2882,2518,31
2883,2536,31
2884,2537,31
2885,2529,31
2886,2530,31
2887,2538,20
2888,2539,20
2889,2540,21
2890,2538,21
2891,2541,21
2892,2542,93
2893,2543,38
2894,2543,14
2895,2544,88
2896,2545,88
2897,2546,88
2898,2547,88
2899,2548,88
2900,2549,88
2901,2550,88
2902,2551,88
2903,2552,88
2904,2553,88
2905,2554,88
2906,2555,88
2907,2556,88
2908,2557,88
2909,2558,88
2910,2559,88
2911,2560,88
2912,2561,88
2913,2562,88
2914,2563,88
2915,2564,88
2916,2565,88
2917,2566,88
2918,2567,88
2919,2568,88
2920,2569,88
2921,2570,88
2922,2571,88
2923,2572,88
2924,2573,88
2925,2574,116
2926,2575,116
2927,2576,30
2928,2577,30
2929,2578,30
2930,2579,30
2931,2580,30
2932,2581,30
2933,2582,30
2934,2583,30
2935,2584,30
2936,2585,30
2937,2586,30
2938,2587,30
2939,2588,30
2940,2589,30
2941,2590,30
2942,2574,30
2943,2575,30
2944,2574,31
2945,2575,31
2946,2576,31
2947,2577,31
2948,2578,31
2949,2579,31
2950,2580,31
2951,2581,31
2952,2582,31
2953,2583,31
2954,2584,31
2955,2585,31
2956,2586,31
2957,2587,31
2958,2588,31
2959,2589,31
2960,2590,31
2961,2591,5
2962,2592,5
2963,2593,5
2964,2594,40
2965,2595,40
2966,2596,40
2967,2597,40
2968,2598,40
2969,2599,40
2970,2600,40
2971,2601,40
2972,2602,40
2973,2603,40
2974,2604,40
2975,2605,40
2976,2606,40
2977,2607,40
2978,2608,40
2979,2609,40
2980,2610,40
2981,2611,40
2982,2612,40
2983,2613,40
2984,2614,40
2985,2615,40
2986,2616,40
2987,2617,40
2988,2618,9
2989,2619,9
2990,2620,9
2991,2621,9
2992,2622,9
2993,2623,40
2994,2624,40
2995,2625,40
2996,2626,40
2997,2627,111
2998,2628,51
2999,2629,51
3000,2628,52
3001,2629,52
3002,2630,40
3003,2631,40
3004,2632,40
3005,2633,34
3006,2634,34
3007,2635,34
3008,2636,34
3009,2637,40
3010,2638,40
3011,2639,40
3012,2640,40
3013,2641,40
3014,2642,40
3015,2643,40
3016,2644,40
3017,2645,40
3018,2646,40
3019,2647,40
3020,2648,40
3021,2649,40
3022,2650,40
3023,2651,40
3024,2652,40
3025,2653,40
3026,2654,40
3027,2655,40
3028,2656,40
3029,2657,40
3030,2658,40
3031,2659,40
3032,2660,40
3033,2661,92
3034,2662,92
3035,2663,92
3036,2664,92
3037,2665,92
3038,2666,92
3039,2667,92
3040,2668,92
3041,2669,22
3042,2670,22
3043,2671,22
3044,2672,22
3045,2673,22
3046,2674,22
3047,2675,22
3048,2676,117
3049,2677,117
3050,2678,6
3051,2679,5
3052,2680,5
3053,2681,5
3054,2682,5
3055,2683,9
3056,2684,9
3057,2685,30
3058,2686,30
3059,2687,30
3060,2688,30
3061,2689,30
3062,2690,30
3063,2691,30
3064,2692,30
3065,2693,30
3066,2694,30
3067,2685,31
3068,2686,31
3069,2687,31
3070,2688,31
3071,2689,31
3072,2690,31
3073,2691,31
3074,2692,31
3075,2693,31
3076,2694,31
3077,2695,9
3078,2696,9
3079,2697,9
3080,2698,9
3081,2699,9
3082,2700,9
3083,2701,9
3084,2702,9
3085,2703,9
3086,2704,9
3087,2705,9
3088,2706,9
3089,2707,9
3090,2708,9
3091,2709,9
3092,2710,9
3093,2711,9
3094,2712,9
3095,2713,9
3096,2714,9
3097,2715,9
3098,2716,53
3099,2717,61
3100,2718,35
3101,2719,35
3102,2720,34
3103,2721,35
3104,2722,40
3105,2723,40
3106,2724,35
3107,2725,35
3108,2726,40
3109,2727,35
3110,2728,35
3111,2729,35
3112,2730,35
3113,2731,53
3114,2732,53
3115,2733,35
3116,2734,35
3117,2735,35
3118,2736,35
3119,2737,35
3120,95,32
3121,2738,61
3122,2739,35
3123,2740,35
3124,2741,35
3125,2742,53
3126,2743,53
3127,2744,53
3128,2745,53
3129,2746,53
3130,2747,25
3131,2748,35
3132,2749,35
3133,2390,13
3134,2750,35
3135,2751,53
3136,2752,40
3137,2753,40
3138,2754,35
3139,2755,35
3140,2756,35
3141,2757,35
3142,2758,35
3143,2759,35
3144,2760,40
3145,308,118
3146,305,118
3147,309,118
3148,82,118
3149,84,118
3150,83,118
3151,2761,40
3152,2762,34
3153,2543,118
3154,2763,40
3155,2764,40
3156,2765,40
3157,2766,40
3158,2767,40
3159,2768,40
3160,2770,35
3161,2771,35
3162,2772,35
3163,2773,35
3164,2774,35
3165,2775,35
3166,2776,35
3167,2777,34
3168,2778,53
3169,2779,53
3170,2780,53
3171,2781,53
3172,2783,35
3173,2784,35
3174,2785,35
3175,2786,35
3176,2787,35
3177,2788,35
3178,2789,25
3179,2790,35
3180,2791,87
3181,2792,87
3182,2793,87
3183,2794,7
3184,2795,7
3185,2796,7
3186,2797,25
3187,2798,25
3188,2799,25
3189,2800,40
3190,2801,25
3191,2802,25
3192,2803,25
3193,2804,25
3194,2805,35
3195,2806,35
3196,2807,35
3197,2808,35
3198,2809,35
3199,2810,35
3200,2811,35
3201,2812,35
3202,2813,35
3203,2814,35
3204,2815,35
3205,2816,35
3206,2817,35
3207,2818,35
3208,2819,35
3209,2820,35
3210,2821,35
3211,2822,35
3212,2823,25
3213,2824,25
3214,2825,25
3215,2826,25
3216,2827,35
3217,2828,88
3218,2829,54
3219,2830,54
3220,552,118
3221,556,118
3222,553,118
3223,557,118
3224,554,118
3225,555,118
3226,2831,118
3227,2832,96
3228,2833,96
3229,2834,96
3230,2835,96
3231,2836,96
3232,2837,18
3233,2838,18
3234,2839,65
3235,2840,88
3236,2841,7
3237,2842,107
3238,2843,107
3239,2844,107
3240,2845,107
3241,2846,107
3242,2847,107
3243,2848,107
3244,2849,96
3245,2850,96
3246,2851,96
3247,1873,31
3248,1875,31
3249,1876,31
3250,1338,21
3251,1331,21
3252,2852,34
3253,2853,34
3254,2854,25
3255,371,29
3256,186,29
3257,187,29
3258,1837,31
3259,1840,31
3260,1866,31
3261,2855,31
3262,2856,31
3263,239,31
3264,2857,31
3265,241,31
3266,2858,31
3267,1102,119
3268,2859,6
3269,2860,6
3270,2861,6
3271,2862,6
3272,2863,6
3273,2864,6
3274,2865,6
3275,2866,6
3276,2867,6
3277,2868,6
3278,2539,21
3279,1906,21
3280,2869,21
3281,1035,21
3282,828,21
3283,829,21
3284,669,21
3285,670,21
3286,2870,21
3287,2871,21
3288,671,21
3289,672,21
3290,673,21
3291,674,21
3292,2872,21
3293,676,21
3294,677,21
3295,678,21
3296,679,21
3297,680,21
3298,681,21
3299,682,21
3300,683,21
3301,684,21
3302,685,21
3303,686,21
3304,687,21
3305,2873,21
3306,689,21
3307,690,21
3308,691,21
3309,692,21
3310,693,21
3311,694,21
3312,695,21
3313,696,21
3314,697,21
3315,698,21
3316,699,21
3317,700,21
3318,2874,18
3319,2875,18
3320,2876,18
3321,2877,47
3322,2878,34
3323,2879,34
3324,2880,34
3325,2881,34
3326,961,34
3327,2882,34
3328,2883,34
3329,2884,34
3330,2885,34
3331,1011,32
3332,1012,32
3333,2886,89
3334,2887,89
3335,2888,89
3336,2889,25
3337,2890,25
3338,2891,25
3339,2892,25
3340,2893,25
3341,2894,25
3342,2895,25
3343,2896,35
3344,2897,35
3345,2898,35
3346,2899,50
3347,2900,35
3348,2901,35
3349,580,7
3350,1854,31
3351,581,31
3352,1858,32
3353,2902,12
3354,2903,12
3355,2904,12
3356,2905,12
3357,2906,12
3358,2907,35
3359,2908,48
3360,2909,35
3361,2910,35
3362,2911,40
3363,2912,40
3364,2913,40
3365,1285,83
3366,1286,83
3367,1287,83
3368,1288,83
3369,2914,25
3370,2915,25
3371,758,120
3372,759,120
3373,760,120
3374,2916,35
3375,2917,96
3376,2918,96
3377,617,34
3378,2919,34
3379,621,34
3380,2920,96
3381,2921,96
3382,2922,87
3383,2923,87
3384,2924,87
3385,2245,88
3386,2246,88
3387,2247,88
3388,1058,34
3389,2248,88
3390,2249,88
3391,2250,88
3392,2251,88
3393,2252,88
3394,2253,88
3395,2254,88
3396,2255,88
3397,2925,36
3398,2926,119
3399,2927,21
3400,2928,21
3401,975,34
3402,2929,34
3403,2930,34
3404,2931,34
3405,2932,34
3406,465,32
3407,2933,25
3408,2934,25
3409,1423,120
3410,1424,120
3411,1425,120
3412,1426,120
3413,1427,120
3414,1428,120
3415,1429,120
3416,1430,120
3417,1431,120
3418,761,120
3419,762,120
3420,763,120
3421,764,120
3422,765,120
3423,766,120
3424,767,120
3425,768,120
3426,492,120
3427,493,120
3428,494,120
3429,504,120
3430,505,120
3431,506,120
3432,498,120
3433,499,120
3434,507,120
3435,508,120
3436,509,120
3437,510,120
3438,2935,48
3439,2937,40
3440,2938,40
3441,2939,40
3442,2940,40
3443,2941,40
3444,2942,40
3445,2943,34
3446,2944,34
3447,2945,34
3448,2946,34
3449,2947,34
3450,2948,34
3451,2949,34
3452,2950,34
3453,2951,34
3454,2952,25
3455,2953,35
3456,2954,35
3457,2955,34
3458,2956,34
3459,2957,34
3460,2392,34
3461,2958,92
3462,2959,92
3463,2960,92
3464,2961,92
3465,2962,92
3466,2963,88
3467,2964,88
3468,2965,88
3469,2966,34
3470,2967,34
3471,2968,34
3472,2969,34
3473,2970,34
3474,2971,34
3475,2972,34
3476,2973,34
3477,2974,34
3478,2975,34
3479,2976,88
3480,2977,88
3481,2978,88
3482,2979,88
3483,2980,88
3484,2981,88
3485,2982,88
3486,2983,88
3487,2984,25
3488,2985,34
3489,2986,34
3490,2987,34
3491,2988,34
3492,2989,34
3493,2990,34
3494,2991,34
3495,2992,7
3496,2993,7
3497,2994,7
3498,2995,34
3499,2996,34
3500,2997,34
3501,2998,34
3502,2999,34
3503,3000,34
3504,3001,34
3505,3002,34
3506,3003,34
3507,3004,34
3508,3005,34
3509,3006,34
3510,3007,34
